sha,files,lines,allocations,wall_s,diagnostics
aca4d22a7e2122bd1804eaeb69c15f717fbb23c2,427,92261,18972086,10.325,1
83aaad82e2dbc7242fe6bfaf8f215787badb0982,427,92261,18972085,10.431,1
db32730c8c87fbc86ad40d5030b2cd0e0fa50f40,428,92342,18994346,10.805,1
5c239068114cfd9f522bd8b4ef15bd27360661f8,428,92379,18993209,10.72,1
4908256655a76fa23df50222f1e1f084e069dc4d,428,92505,19145440,10.454,1
a7f011b5689544f0ac3eadf49fe0fc08185de4de,429,92596,19236119,10.388,1
88ab91b2bfbcfecb5b4951d33dbdaf22e58a51ec,429,92596,19236120,10.434,1
2d5ac69216da92fbeca74be15bc4e5f1f5336965,429,92596,19236144,10.248,1
0acd8e5c21d4d183b7415ab7430eb71b63c55c7e,429,92605,19236344,10.704,1
8c8a6ce81a217704fb78c1bee6fdae95a8f77bbe,430,92675,19248569,10.499,2
2d2323a908ea828491afdfcf90602aad26755ddc,430,92891,19300574,10.158,2
16476d2be60134d6a69bf51f3e1fc17a48f582eb,430,92888,19304335,11.33,2
3b9ffe40ddd110412fa4d542e25f9636a6bd033c,430,92949,21620062,10.822,2
59d84c069e2d3d1c01aeae5d8feee6f890b3e6f5,430,92955,21690365,11.123,2
d57ab5e9beab25f12a22cb5f0e51664098968655,430,92962,22205447,11.45,2
2d302ac1278d77e1727b2898aef66647e51aca0a,430,92979,22226245,11.587,2
8133cccbd3b50bcddb44aba332e0db136c210fa3,430,92979,22226236,12.692,2
b14157cdffb3d127b11830b0efb858e2b27c7abe,430,92992,22221071,11.991,1
8a32bd77adf7ec600f434bcc0f0cc55659cee5ab,430,93005,22046298,11.437,1
2342636c7d64f8a213cd3a4de8e685e28820aeb1,430,93030,22062976,11.284,1
f8d273067fa5b08f08ef4a193480ba46089944a4,430,93075,22074859,11.341,1
cf85ce4418a3482b3ebf35bd831ce5aa12b41160,430,93178,22190625,11.295,1
def2376ac14465398264212bbf8c959fb8e88b24,430,93176,22185368,11.08,1
23c49c955526a7d98fb6d011ca73ecfe01e5d9e6,430,93193,22179160,11.084,1
13b54a5ca4feddd0d1478ac1696c0623042d31de,430,93212,22197662,11.854,1
95663ec631bc33b528d003e710982e77e7b7ec1a,430,93279,22576559,11.7,1
d80a760db681e08a845dcda366dd122b7e1f6527,430,93356,22592710,11.853,1
71cc20c387eaefbaecb1be964ed57181c0e5efc0,430,93478,26694718,13.841,3
0fa853a8e582bd83a1143d48461dcf10dc1d05f6,430,93494,26743920,14.228,3
29f1c7f43d855d8efeeb538a34e819cd4ec0740f,430,93511,26950761,13.76,3
7f912929805053b3792055831c5d7eb0cb6a4cc8,430,93711,27857592,14.376,3
13cab0a1ce318aa3fc625af4190128319a6276a8,430,93711,27857586,14.197,3
4f35b661f42028ef0b58c1703c69a2f8df03243c,430,93711,27857890,14.423,3
fca3f491b7bb39b0aa91c82cd00074176c201831,430,93711,27857946,14.167,3
6b9ef509e7a0f6a285bd0bcd753f50b8e236d3b9,430,93751,27866804,13.809,3
b41b09ea59eb9d3ca6df21675b57e786d12018d5,430,93751,27866799,13.826,3
a7e5d8053bd7ebe62d3f96498212b63b72b23fd4,430,93751,27869714,14.121,3
78983b38814f515d7e5b3a054f1167c44d1a67a5,431,93811,27869502,14.344,3
487bda98c7cdfda8e099d013e98b1535c261cc36,431,93854,27903768,14.337,3
25af97102530326ae124f2cbe9749625ed46018f,431,93854,27903763,14.344,3
b59f72e34ceb215f9fa0ceabe3dd986515cf6b16,431,93852,27902478,14.197,3
558647e76e3392374fb30c73208049296287573b,431,93852,27902477,14.162,3
01fddbc10e740dac1468b6a6ca7310810c0c1857,432,94200,28219436,14.531,3
07197d67379c1031a7c06f13c1b7d6869a6fed38,432,94376,28895982,14.958,3
cf5f7704eea3b75ec1697fc5e55677426203dcfb,432,94376,28896002,14.617,3
972b39160be6d77f624463d5b89f17490b1811a6,432,94376,28896001,14.399,3
3d3aba62aa7496c68b168a1978caeb51754aebd6,432,94408,28899079,14.321,3
bf693f9d74a10a4f3a6861c7d3cba80e8c04ab2c,432,94665,29047372,14.596,3
6afff1ef5b1bda4b06cfe039ca7e710d1ab9feee,432,94738,29055138,14.567,3
2ba5a955367ea38f7471f197b98b44326f95b896,433,94881,29058032,14.564,5
ce33d9956affab094a9533201b3b98c5c5bf0f0c,433,94882,29039770,14.74,3
83b57fee6df1d5bc3caf28f3089752793bd5c2e4,433,94894,29039871,14.915,3
b9d097fb0decb99cb14023824bf57c9d4a2a462d,433,94911,29040170,15.062,3
b60a08330183d3980163305e5a5dc246f62601a3,433,95138,29120906,14.828,3
da99f25c4d581dc2cf2d24d5f1528b4acf087795,433,95138,29120902,16.721,3
93175d1b3572fa8928cc60534bdc67ffd62a842f,433,95194,29123895,16.425,3
926ce24bccd4108f8ac03c9c7328e8049f5c82e0,433,95220,29121483,15.746,3
9f600ebfc0d1e94cad10932f156e11eed61b6bdc,433,95285,29213375,15.684,3
51cc52a0e0e06601070eb044e136da884980a555,434,95406,29547793,16.143,3
13556ac4b55cc76237ceab086c726319f97a881c,434,95406,29547798,15.198,3
8e1432f5ada5240b33f140cb2024e6025450b2f9,434,95424,29548873,14.884,3
60ba64a1d13dab61c39cacb96e8959b9b271789f,434,95512,29588083,16.456,3
7b15bd1d7e8338aaa6b320b0b7386cae8d491210,434,95595,29595383,16.054,3
789e70cda2e4e82b07b0910d3786805a8a2033f8,434,95639,29590248,16.038,3
d51244d92a84caadd601b16ccf20828e80f4cb6f,434,95639,29590251,16.433,3
9bf019239079015226c52dce4ff731dbedcc87bf,436,95986,29726093,15.801,3
ffcc9f35c8b42f066e3786ed9ed0e45eaca4c652,436,96063,29797310,16.42,3
8c227ba1b1eddfb760a4ab7ff196e3cd484d638e,436,96096,29801578,16.368,3
d3dba0a2d9de7967a09cec97427e9087215601fc,436,96207,29856962,18.23,3
109e3c17ed02507e9805af392e0e1a6139101143,436,96184,30027634,16.67,3
bcf5b7af401170636176daa729e2997ce75c4624,436,96184,30027628,16.792,3
7929efcb824941041d6cf7de68ae1b32b6d846eb,436,96222,31754655,16.728,3
f049f7a8297cf748ec75a74a5e11a7cb8dde8984,436,96278,31823744,16.456,3
8f8680c6d6e85d8b748f1e59f59f836c0d91bd49,437,97022,32163121,16.735,3
bef0ade258d47e9cf8574b5126679afa35dae539,437,97022,32172883,17.713,3
6535b0ec5e351223de52a2f8395a098289745019,437,97022,32172892,15.814,3
c418e7d8dcd2b521565cd3603910d6d961a502f4,437,97031,32173040,16.756,3
8803099453653871dda921f533381eb5e8c92589,437,97118,32563148,18.469,3
ad02806da0fef096b0ce62945de03ae0276ca321,437,97118,32563136,18.136,3
9a3434aae2c20b0097acbdfb4976c69622231f68,437,97191,32558057,19.731,3
a1f4fc316b79cbc7cd5598bd2311f29d35fbd56a,437,97218,32685419,16.297,3
57a66af069fb4fd8f3b1dd7db871874c4ee67ca7,437,97218,32685427,17.169,3
a2e92fc289de8edbe7b49b0b49533b51a31a8274,437,97288,32737978,23.581,3
4c3c1d441698b9fe50e0a47144a85afc87cc8823,437,97377,32784836,18.734,3
1de92e287940eaa79cd8c447fa6f532162c8f942,437,97495,32812418,16.865,3
4d50502f2e6b9ec161ca67eb1828debc6f1d5e24,437,97642,32838341,16.905,3
aa15e199e644c46dbd372a810b8b252092efad06,437,97773,32108888,17.045,3
d3330370f862e0999943905335dce0c321db80b0,437,97907,32212641,18.311,3
4fbcedb82149ddc4622a032aaf957ea11b3dc753,437,97907,32212643,18.691,3
2c972975bfb99b028aac5cd0fd11ca1ae7071afe,437,98003,32218900,17.477,3
7bfb7793a697a1842d633920164983f1c31244ac,440,98397,32939877,17.903,3
bea8fd6cccdc9e8e5abb0bbbb2da44de8e22aed3,444,99260,33038377,17.579,3
80668e9ec725228fe66a79dbec3e92267ff6bf5e,444,99260,33038381,17.073,3
6cae773815aa4e640c174b4a006e7297cc5ff2b5,444,99363,33449678,17.743,2
7b670b8c03595818cc6bf83c524f861adfce20e6,444,99602,33498255,17.448,2
5e384eee94c6e876817b5cca48fda95a716daca7,444,99602,33498260,17.31,2
fa644554f824f143be6bd961f603f9cb9b91a781,444,99681,33512056,17.669,2
58d9549be5df2da5cc7c4a8b65c1ca9844e46e19,444,99736,34143473,17.838,2
b2f82b106e57c07dd6143d83839eec8d240f2d6c,444,99961,34204552,17.629,2
02497a06f941c44b449ace11c9a004a42fd6111d,444,100039,34225794,17.556,2
d5ebf0014c2854b0d3740561dc654879b09b0b40,444,100087,34260707,17.802,2
0281c18e143bb8f35c8aa0fe9cd275d5ca781559,444,100120,34263319,17.722,2
3d598defb32ca40f7f73e49a9b9625aafcd7ad31,444,100143,34264451,17.618,2
acc634a0f2dd3c1691f37169481c54d98632020a,444,100215,34282270,17.643,2
54a9321fbb740b03bd04e02012890d38caa521d0,444,100245,34287284,17.563,2
cf0f32d25e9f2ee3d330006756ff5db52e61a311,444,100298,34310342,18.171,2
461068181c2ade16adaf177595b7ac1328fa41b2,444,100329,34352920,19.994,2
b6d791ae1f87edb82042d6006a3b6c64457861e8,444,100333,34357701,20.441,2
4f737003dff08bbdf9019e2f7108ef852aa68e67,444,100358,34367873,18.608,2
c3ef97d78513c386db9f790af5f691db814a6959,444,100358,34367863,18.398,2
73c84b352df36c2c864d57f399330292cc6b4634,444,100365,36172868,18.559,2
7614563fb5e81826b4ad547a87717724c42f45c6,444,100408,36179105,18.219,2
736e16a81f46da9312eef6985e9d6220b7c27ff7,444,100421,36187337,18.942,2
098160f3d2bb6bedb0d6e3e0ad200d084d8d82fb,444,100421,36187364,18.307,2
5735d2f315161afb6c6062868a0ec69e2140178a,444,100421,36187353,17.894,2
4e7407f67ff0204f4f78f95c66428987581e0a36,444,100421,36187379,17.707,2
deb2247b9c28bae87e58420d2977e9e34a36392b,444,100421,36203970,18.05,2
bc518408a9e95c02e0f032781983cc38922f3db0,444,100485,36240153,18.127,2
c02729ec2e944b500068542f66c0bfd86ae9549c,444,100585,36256018,18.008,2
b61ab1b2bab3f2f92ad2c2e578ca0519b2c2e89d,444,100585,36256219,19.978,2
b2c5c5d2a8299c180fd612b73efbd4df1638d2fd,444,100585,36256219,18.751,2
77811159d7b345fc8160bef57610dc096cf428eb,444,100687,36303416,18.41,2
af8aee0c3c1159f4dd30b814015f53cbceaa49df,444,100701,36302166,18.592,2
b796f166bc007cda738d5b77837bf87ccb459eee,444,100701,36302171,18.492,2
059058c97cf1f9fabd806c46e7055a036f447059,444,100742,36321347,18.976,2
50549e4ef209551ae5e7f117b567f2e3a6df7387,444,100804,36351615,19.143,2
e131c4a3446b61891cd8fa6dae2a0445ec328242,444,100804,36351627,18.78,2
DONE
